id,label
7fc00000ffffff80_0001010.jpg,0001010
7ffe0000ffffff80_0100010.jpg,0100010
7fffc000fffff000_0111010.jpg,0111010
7ffc0000ffffffc0_0100010.jpg,0100010
7ffc0000ffffff80_0001010.jpg,0001010
7ffc1000fffcf800_0111010.jpg,0111010
fff80000fffe7000_0001010.jpg,0001010
7ffc2000fffc3c00_0100010.jpg,0100010
57fc180077fc3e00_0100010.jpg,0100010
4ffc00005ffe3c00_0001010.jpg,0001010
7ff00000ffffff80_0111010.jpg,0111010
7fff0000fffff800_0001010.jpg,0001010
7fff8000ffffe000_0001010.jpg,0001010
7ff80000fffc3c00_0100010.jpg,0100010
7ffc0000fff1dfc0_0001010.jpg,0001010
fffc0000fffc3800_0100010.jpg,0100010
7fffc000ffe7c000_0100010.jpg,0100010
7ffc0000fffc5800_0001010.jpg,0001010
7f800f00fffffe00_0111010.jpg,0111010
fffa2000fffe3400_0100010.jpg,0100010
6ffc0000fffffe00_0111010.jpg,0111010
7f800000fffff800_0111010.jpg,0111010
7f007e00ffffefc0_0001010.jpg,0001010
7ff80000fffe7c00_0100010.jpg,0100010
fffc0000ffffe000_1111111.jpg,1111111
7fc00f00ffffff80_0001010.jpg,0001010
783ffc00fffff000_0001010.jpg,0001010
0ff00000fffcffc0_0001010.jpg,0001010
7fff8000ffffc000_0100010.jpg,0100010
7ff80000fffc7c00_0100010.jpg,0100010
7ffe0000ffffe000_0001010.jpg,0001010
5ffc00007ffc3e00_0100010.jpg,0100010
7ffc0000ffffff00_0100010.jpg,0100010
7ffc0000ffffc000_0001010.jpg,0001010
7ff80000fffff000_0111010.jpg,0111010
7fff0000fffffe00_0100010.jpg,0100010
7fffc000ffffc000_0001010.jpg,0001010
7fffe000fff80000_0111010.jpg,0111010
7fff0000ffffe780_0100010.jpg,0100010
7ffc0000fffffe00_0111010.jpg,0111010
7f81fe00ffffffc0_0111010.jpg,0111010
fffc1000fffedc00_0111010.jpg,0111010
7fe03f00ffffff80_0100010.jpg,0100010
7ff80000fffe3800_0001010.jpg,0001010
7ffe0000fffff000_0001010.jpg,0001010
7ffe0000ffffffc0_0001010.jpg,0001010
7fe07e00ffffff80_0111010.jpg,0111010
7ffe0000ffff0000_1111111.jpg,1111111
7ffe0000fffc0e00_0100010.jpg,0100010
fffc1000fffff800_0111010.jpg,0111010
77fc1000fffe1e00_0100010.jpg,0100010
2ffc1000fffc3c00_0100010.jpg,0100010
7ff80000fffff8c0_0001010.jpg,0001010
7fe00000fffff800_0001010.jpg,0001010
7ffa0000ffffe000_0111010.jpg,0111010
2ff41000fffc3e00_0100010.jpg,0100010
2ffe1000fffe1c00_0100010.jpg,0100010
fff80800fffe3c00_0001010.jpg,0001010
7ffc2000fffc3800_0100010.jpg,0100010
2ffe1000effe1e00_0100010.jpg,0100010
7ffe0000ffffc000_0100010.jpg,0100010
fffff000fff00000_0001010.jpg,0001010
7fffe000fffe0000_0111010.jpg,0111010
7fff0000fff0fe00_0001010.jpg,0001010
7fff0000fffff000_0111010.jpg,0111010
fffff000ffe00000_0100010.jpg,0100010
7fff8000ffff8000_0001010.jpg,0001010
7ffe0000fffff800_0001010.jpg,0001010
6ffc0000fffe1800_0001010.jpg,0001010
ffff0000ffffe000_0100010.jpg,0100010
5ffc30007ffc3c00_0100010.jpg,0100010
7ffe0000ffff8000_0100010.jpg,0100010
7fe00000ffff8000_0001010.jpg,0001010
eff40000fffc3800_0001010.jpg,0001010
7f80fe00ffffffc0_0001010.jpg,0001010
bffc1000fffc3c00_0100010.jpg,0100010
fffe0000ffffc000_1111111.jpg,1111111
fff80000fffe3000_0001010.jpg,0001010
6ffc1000fffe1c00_0100010.jpg,0100010
7fff0000ffffff80_0001010.jpg,0001010
7ff80000fffe3c00_0001010.jpg,0001010
7ffc0000fffff800_0100010.jpg,0100010
7fff8000fffff800_0100010.jpg,0100010
7ffc1000fffe3c00_0100010.jpg,0100010
7ffc0000ffe00000_0100010.jpg,0100010
7ffc0000fffe3000_0001010.jpg,0001010
fffc1800fffe3e00_0001010.jpg,0001010
7ffc00007ffcb800_0001010.jpg,0001010
7ff83000fffefe00_0111010.jpg,0111010
7ffc2000fffffe00_0111010.jpg,0111010
1ffc00003ffe7c00_0001010.jpg,0001010
7ff80000fffe7000_0001010.jpg,0001010
6ffe2000fffffc00_0111010.jpg,0111010
7ffff8007fffff00_0001010.jpg,0001010
7ffc20007ffc3c00_0100010.jpg,0100010
fff80000fffc3800_0100010.jpg,0100010
7ff80000ffffff00_0111010.jpg,0111010
7fffe000ffc38000_0100010.jpg,0100010
5ffc10007ffc3c00_0100010.jpg,0100010
7fffe000ffffc000_0100010.jpg,0100010
5ffc00007ffcb800_0001010.jpg,0001010
fffc1000fffc7c00_0001010.jpg,0001010
7fff0000fffffdc0_0100010.jpg,0100010
7fe00000fffffe00_0100010.jpg,0100010
7ff80000ffffff80_0111010.jpg,0111010
7ffc0000fffe3800_0001010.jpg,0001010
7ff80000fffff800_0001010.jpg,0001010
7fe00000ffffff00_0100010.jpg,0100010
7fe00000ffffffc0_0001010.jpg,0001010
3ff80000fffe3c00_0100010.jpg,0100010
7fffe000ffff8000_1111111.jpg,1111111
3ffc00007ffe7800_0001010.jpg,0001010
3ffc0000bffcf800_0001010.jpg,0001010
7ff80000fffc3800_0100010.jpg,0100010
3ffc1000fffc3c00_0100010.jpg,0100010
fffc1000fffef800_0111010.jpg,0111010
7fff0000fffffc00_0100010.jpg,0100010
bff82000fffc3400_0100010.jpg,0100010
7ffe0000fffffc00_0100010.jpg,0100010
ffff8000fff00000_1111111.jpg,1111111
7fff8000fffff000_0111010.jpg,0111010
7f000000fffffe00_0001010.jpg,0001010
5ff81000fffe1c00_0100010.jpg,0100010
7ffc1000fffe1c00_0100010.jpg,0100010
ff800000fffff800_0111010.jpg,0111010
7ff81000fffc3c00_0100010.jpg,0100010
ff000000ffffff00_0111010.jpg,0111010
3ffc00003ffcf800_0001010.jpg,0001010
7ff80000fffe7800_0001010.jpg,0001010
7ff800007ffc3c00_0100010.jpg,0100010
fffc3800fffc3c00_0001010.jpg,0001010
3ffe0000bffe3c00_0001010.jpg,0001010
7f800700ffffe000_0001010.jpg,0001010
57fc10007ffc3e00_0100010.jpg,0100010
7fff8000ff8ff000_0100010.jpg,0100010
7fff0000ffffff00_0111010.jpg,0111010
7ffe0000fff7f000_0100010.jpg,0100010
7ff420007ffc3c00_0100010.jpg,0100010
5ffc00005ffe3800_0001010.jpg,0001010
ffc00000fffff800_0111010.jpg,0111010
7fe00000ffffff80_0001010.jpg,0001010
77fc2000fffffe00_0111010.jpg,0111010
ffe00000fffff800_0111010.jpg,0111010
2ffc1000fffe1e00_0100010.jpg,0100010
fff80000fffc7800_0100010.jpg,0100010
1ffe00003ffe7800_0001010.jpg,0001010
7fff8000fffe0000_0100010.jpg,0100010
7f800000ffffff80_0001010.jpg,0001010
7fff8000ffffe300_0100010.jpg,0100010
7ff82000fffc3c00_0100010.jpg,0100010
7ffc00007ffe7800_0001010.jpg,0001010
7fff0000fff83f80_0100010.jpg,0100010
3ffc00007ffe3800_0001010.jpg,0001010
3ffc00003ffe7000_0001010.jpg,0001010
7ffc0000ffffe000_0100010.jpg,0100010
47fc30007ffc3e00_0100010.jpg,0100010
ffffe000ffe00000_0100010.jpg,0100010
7ffe0000fffffc80_0100010.jpg,0100010
7ff80000fffe5800_0001010.jpg,0001010
7fff0000ffffe000_0100010.jpg,0100010
7fe00000fffe0f00_0100010.jpg,0100010
2ffc1000fffc1e00_0100010.jpg,0100010
ffff8000ffff8000_1111111.jpg,1111111
3ffc00003ffcb800_0001010.jpg,0001010
7ffc2000fffffc00_0111010.jpg,0111010
7ffe0000fffe07c0_0100010.jpg,0100010
6ffe2000ffffbc00_0111010.jpg,0111010
7fff0000ffffc000_0001010.jpg,0001010
7fffe000fffc0000_0111010.jpg,0111010
7ffc0000fffe1800_0001010.jpg,0001010
7fc00000fffff000_0001010.jpg,0001010
7fff0000fffff900_0100010.jpg,0100010
7fffc000fffff800_0100010.jpg,0100010
7ffe0000ffffff00_0100010.jpg,0100010
7fffc000ffffff80_0001010.jpg,0001010
7fffc000fff80000_0100010.jpg,0100010
7ff00000fff80000_0100010.jpg,0100010
7f3e0000fffff000_0111010.jpg,0111010
fffc1000fffdf800_0111010.jpg,0111010
7ff00000fffff800_0001010.jpg,0001010
57fc100077fc3e00_0100010.jpg,0100010
3ffc00003ffe3800_0001010.jpg,0001010
7fe00000fffffc00_0111010.jpg,0111010
5ffc00005ffe3c00_0001010.jpg,0001010
7ff81000fffe3c00_0100010.jpg,0100010
7ff80000ffffc000_00001010.jpg,00001010
7fe0ff80fffffc00_0001010.jpg,0001010
7fff0000ffff8000_0100010.jpg,0100010
7ffc00007ffe3800_0001010.jpg,0001010
7ffe2000fffffc00_0111010.jpg,0111010
7ffc0000fffffc00_0001010.jpg,0001010
7ffc0000fffcb800_0001010.jpg,0001010
1ffe00003ffe5c00_0001010.jpg,0001010
7fffc000ffff8000_0001010.jpg,0001010
41fe0000fffffe00_1111111.jpg,1111111
7ffc0000fffe1c00_0100010.jpg,0100010
5ffa10007ffe1c00_0100010.jpg,0100010
7fff8000fff3f000_0001010.jpg,0001010
fff81800fffe3c00_0001010.jpg,0001010
7ff80000ffffe000_0001010.jpg,0001010
2ffc1000effc1a00_0100010.jpg,0100010
7ffc0000fffff020_0111010.jpg,0111010
fffc3000fffe3c00_0001010.jpg,0001010
7fff8000ffefe000_1111111.jpg,1111111
4ffc00005ffe3800_0001010.jpg,0001010
7fff8000ffffff00_0100010.jpg,0100010
7fffc000ffffe000_0001010.jpg,0001010
7ffef000ffff8000_0111010.jpg,0111010
7ffff000ffc007c0_0001010.jpg,0001010
77fc30007ffc3e00_0100010.jpg,0100010
7fff8000fffffc00_0001010.jpg,0001010
3ff800007ffe7c00_0001010.jpg,0001010
1ffc00003ffe3c00_0001010.jpg,0001010
6ffc0000effe5800_0001010.jpg,0001010
7ffe0000fff1ff80_0100010.jpg,0100010
7ffa2000fffe3400_0100010.jpg,0100010
7ff80000fffffe00_0111010.jpg,0111010
7ff00000ffffffc0_0111010.jpg,0111010
7ffa00007ffe3000_0001010.jpg,0001010
7ffa20007ffe3400_0100010.jpg,0100010
5ffc20005ffcbc00_0001010.jpg,0001010
7ffc00007ffe3000_0001010.jpg,0001010
fffc0000fffe3000_0001010.jpg,0001010
7fff8000fffc1f00_0100010.jpg,0100010
3ffc3000fffc3c00_0100010.jpg,0100010
7ff80000ffffffe0_0001010.jpg,0001010
7ff82000fffc3400_0100010.jpg,0100010
5ffc1000fffe3c00_0001010.jpg,0001010
2ffc0000fffe3c00_0001010.jpg,0001010
7fff8000fffffe00_0100010.jpg,0100010
5ffc00005ffebc00_0001010.jpg,0001010
